{
  "overall": {
    "accuracy": 0.5208333333333334,
    "ranking_score": 0.6041666666666666,
    "generation_score": 3.9375,
    "relative_gpt_score": 0.0625,
    "n_loaded_users": 1000,
    "n_users": 5,
    "n_turns": 96,
    "n_skipped_unlabeled_turns": 0
  },
  "avg_per_turn": {
    "turn_accuracy": {
      "0": {
        "mean": 0.2,
        "count": 30
      },
      "1": {
        "mean": 0.6666666666666666,
        "count": 30
      },
      "2": {
        "mean": 0.7777777777777778,
        "count": 18
      },
      "3": {
        "mean": 0.5454545454545454,
        "count": 11
      },
      "4": {
        "mean": 0.4,
        "count": 5
      },
      "5": {
        "mean": 1.0,
        "count": 2
      }
    },
    "turn_ranking_score": {
      "0": {
        "mean": 0.4666666666666667,
        "count": 30
      },
      "1": {
        "mean": 0.6666666666666666,
        "count": 30
      },
      "2": {
        "mean": 0.7777777777777778,
        "count": 18
      },
      "3": {
        "mean": 0.5454545454545454,
        "count": 11
      },
      "4": {
        "mean": 0.4,
        "count": 5
      },
      "5": {
        "mean": 1.0,
        "count": 2
      }
    },
    "turn_generation_score": {
      "0": {
        "mean": 3.2333333333333334,
        "count": 30
      },
      "1": {
        "mean": 4.3,
        "count": 30
      },
      "2": {
        "mean": 4.444444444444445,
        "count": 18
      },
      "3": {
        "mean": 4.0,
        "count": 11
      },
      "4": {
        "mean": 3.6,
        "count": 5
      },
      "5": {
        "mean": 5.0,
        "count": 2
      }
    },
    "turn_relative_gpt_score": {
      "0": {
        "mean": -1.3,
        "count": 30
      },
      "1": {
        "mean": 0.5333333333333333,
        "count": 30
      },
      "2": {
        "mean": 1.1111111111111112,
        "count": 18
      },
      "3": {
        "mean": 0.6363636363636364,
        "count": 11
      },
      "4": {
        "mean": -0.6,
        "count": 5
      },
      "5": {
        "mean": 2.5,
        "count": 2
      }
    },
    "turn_trend_full_length_users": {
      "max_turn_index": 5,
      "max_turn": 6,
      "n_full_length_users": 1,
      "per_turn": {
        "0": {
          "accuracy": 0.0,
          "ranking_score": 0.2777777777777778,
          "generation_score": 2.8333333333333335,
          "relative_gpt_score": -2.1666666666666665,
          "count": 6
        },
        "1": {
          "accuracy": 0.5,
          "ranking_score": 0.5,
          "generation_score": 4.166666666666667,
          "relative_gpt_score": -0.3333333333333333,
          "count": 6
        },
        "2": {
          "accuracy": 0.5,
          "ranking_score": 0.5,
          "generation_score": 3.5,
          "relative_gpt_score": -0.3333333333333333,
          "count": 6
        },
        "3": {
          "accuracy": 0.8333333333333334,
          "ranking_score": 0.8333333333333334,
          "generation_score": 4.5,
          "relative_gpt_score": 2.1666666666666665,
          "count": 6
        },
        "4": {
          "accuracy": 0.6666666666666666,
          "ranking_score": 0.6666666666666666,
          "generation_score": 4.333333333333333,
          "relative_gpt_score": 0.6666666666666666,
          "count": 3
        },
        "5": {
          "accuracy": 1.0,
          "ranking_score": 1.0,
          "generation_score": 5.0,
          "relative_gpt_score": 2.5,
          "count": 2
        }
      }
    }
  }
}